Campaign Name,Impressions,Clicks,Engagements,Conversions,Amount Spent,Revenue,CTR (%),ROI (%)
Flash Deal,95890,4801,13495,566,4632.66,11729.91,4.875,151.845
Holiday Promo,115365,5635,14598,901,4999.56,9672.61,7.390000000000001,91.26500000000001
New Launch,120095,5640,13673,924,3501.6000000000004,12309.13,6.99,335.485
Summer Sale,112788,6985,13592,856,5258.16,10869.76,8.125,243.365
Winter Discount,103619,6110,11482,993,3377.95,7717.98,6.1375,158.185
